{
  "sd15": {
    "sd15": {
      "auc": 0.999924,
      "ba": 99.8,
      "precision": 0.9960159362549801,
      "recall": 1.0,
      "f1": 0.998003992015968
    },
    "sd21": {
      "auc": 0.81734,
      "ba": 51.7,
      "precision": 0.9473684210526315,
      "recall": 0.036,
      "f1": 0.06936416184971098
    },
    "sdxlbase": {
      "auc": 0.6389400000000001,
      "ba": 50.3,
      "precision": 0.7142857142857143,
      "recall": 0.01,
      "f1": 0.01972386587771203
    },
    "sd35": {
      "auc": 0.6678839999999999,
      "ba": 50.0,
      "precision": 0.0,
      "recall": 0.0,
      "f1": 0.0
    },
    "flux": {
      "auc": 0.536308,
      "ba": 50.1,
      "precision": 1.0,
      "recall": 0.002,
      "f1": 0.003992015968063872
    }
  },
  "sd21": {
    "sd15": {
      "auc": 0.979892,
      "ba": 82.80000000000001,
      "precision": 0.9939759036144579,
      "recall": 0.66,
      "f1": 0.7932692307692307
    },
    "sd21": {
      "auc": 0.9988880000000001,
      "ba": 98.0,
      "precision": 0.9918032786885246,
      "recall": 0.968,
      "f1": 0.979757085020243
    },
    "sdxlbase": {
      "auc": 0.391852,
      "ba": 49.9,
      "precision": 0.3333333333333333,
      "recall": 0.002,
      "f1": 0.003976143141153081
    },
    "sd35": {
      "auc": 0.593556,
      "ba": 50.6,
      "precision": 0.75,
      "recall": 0.018,
      "f1": 0.03515625
    },
    "flux": {
      "auc": 0.37172400000000005,
      "ba": 50.2,
      "precision": 0.6666666666666666,
      "recall": 0.008,
      "f1": 0.015810276679841896
    }
  },
  "sdxlbase": {
    "sd15": {
      "auc": 0.801024,
      "ba": 62.7,
      "precision": 0.8713450292397661,
      "recall": 0.298,
      "f1": 0.44411326378539495
    },
    "sd21": {
      "auc": 0.47831999999999997,
      "ba": 49.0,
      "precision": 0.35294117647058826,
      "recall": 0.024,
      "f1": 0.0449438202247191
    },
    "sdxlbase": {
      "auc": 0.986794,
      "ba": 93.9,
      "precision": 0.9363817097415507,
      "recall": 0.942,
      "f1": 0.9391824526420738
    },
    "sd35": {
      "auc": 0.685712,
      "ba": 52.800000000000004,
      "precision": 0.6590909090909091,
      "recall": 0.116,
      "f1": 0.19727891156462585
    },
    "flux": {
      "auc": 0.922172,
      "ba": 79.5,
      "precision": 0.9300291545189504,
      "recall": 0.638,
      "f1": 0.7568208778173191
    }
  },
  "sd35": {
    "sd15": {
      "auc": 0.93228,
      "ba": 82.80000000000001,
      "precision": 0.8904761904761904,
      "recall": 0.748,
      "f1": 0.8130434782608695
    },
    "sd21": {
      "auc": 0.800728,
      "ba": 63.6,
      "precision": 0.7982456140350878,
      "recall": 0.364,
      "f1": 0.5
    },
    "sdxlbase": {
      "auc": 0.8231120000000001,
      "ba": 67.0,
      "precision": 0.84,
      "recall": 0.42,
      "f1": 0.56
    },
    "sd35": {
      "auc": 0.9850559999999999,
      "ba": 92.19999999999999,
      "precision": 0.8936567164179104,
      "recall": 0.958,
      "f1": 0.9247104247104247
    },
    "flux": {
      "auc": 0.84056,
      "ba": 73.50000000000001,
      "precision": 0.8615384615384616,
      "recall": 0.56,
      "f1": 0.6787878787878788
    }
  },
  "flux": {
    "sd15": {
      "auc": 0.5956560000000001,
      "ba": 49.4,
      "precision": 0.2857142857142857,
      "recall": 0.008,
      "f1": 0.01556420233463035
    },
    "sd21": {
      "auc": 0.45374,
      "ba": 48.9,
      "precision": 0.0,
      "recall": 0.0,
      "f1": 0.0
    },
    "sdxlbase": {
      "auc": 0.7145919999999999,
      "ba": 52.7,
      "precision": 0.8461538461538461,
      "recall": 0.066,
      "f1": 0.12244897959183673
    },
    "sd35": {
      "auc": 0.564672,
      "ba": 50.3,
      "precision": 0.6153846153846154,
      "recall": 0.016,
      "f1": 0.031189083820662766
    },
    "flux": {
      "auc": 0.99988,
      "ba": 99.3,
      "precision": 0.9900596421471173,
      "recall": 0.996,
      "f1": 0.9930209371884346
    }
  }
}