{
  "logit": {
    "auc": 0.98618608,
    "ba": 94.14,
    "precision": 0.9408709548541749,
    "recall": 0.942,
    "f1": 0.94143513891665,
    "alphas": {
      "sd15": [
        0.7504557967185974,
        0.1593233048915863,
        0.016382314264774323,
        0.05463401973247528,
        0.019203878939151764
      ],
      "sd21": [
        0.031036296859383583,
        0.7864115834236145,
        0.03140614181756973,
        0.14434759318828583,
        0.00679834745824337
      ],
      "sdxlbase": [
        0.01312752440571785,
        0.01610621064901352,
        0.7067232131958008,
        0.2318750023841858,
        0.032167840749025345
      ],
      "sd35": [
        0.039338335394859314,
        0.042203888297080994,
        0.16747057437896729,
        0.7324174046516418,
        0.01856975257396698
      ],
      "flux": [
        0.0004306937044020742,
        0.0014924544375389814,
        0.05278828367590904,
        0.09833914786577225,
        0.8469493389129639
      ]
    }
  },
  "embedding": {
    "auc": 0.9850435200000001,
    "ba": 95.17999999999999,
    "precision": 0.9469726948951326,
    "recall": 0.9572,
    "f1": 0.9520588820370002,
    "alphas": {
      "sd15": [
        1.2271445484657306e-05,
        0.10061044991016388,
        0.00021524693875107914,
        2.5204712073900737e-05,
        0.8991371393203735
      ],
      "sd21": [
        0.02291421964764595,
        0.8278931379318237,
        0.0008950208430178463,
        0.0001270706852665171,
        0.14817018806934357
      ],
      "sdxlbase": [
        0.8607866168022156,
        0.09213191270828247,
        0.006801672745496035,
        0.002518163761124015,
        0.03776145726442337
      ],
      "sd35": [
        0.6940512657165527,
        0.16018080711364746,
        0.05176451802253723,
        0.0052479105070233345,
        0.08875603973865509
      ],
      "flux": [
        0.9905454516410828,
        0.009235359728336334,
        8.27308977022767e-05,
        2.7098767532152124e-05,
        0.00010958169150399044
      ]
    }
  },
  "image": {
    "auc": 0.91287904,
    "ba": 77.14,
    "precision": 0.9520319786808794,
    "recall": 0.5716,
    "f1": 0.7143214196450888,
    "alphas": {
      "sd15": [
        0.006576528772711754,
        0.016273420304059982,
        0.22265690565109253,
        0.7440637350082397,
        0.010429998859763145
      ],
      "sd21": [
        0.00681574922055006,
        0.016776731237769127,
        0.22381329536437988,
        0.741808295249939,
        0.010785920545458794
      ],
      "sdxlbase": [
        0.0074098240584135056,
        0.017993073910474777,
        0.2258288711309433,
        0.7371261119842529,
        0.01164182648062706
      ],
      "sd35": [
        0.007115959655493498,
        0.017382066696882248,
        0.22479113936424255,
        0.7394976615905762,
        0.011212682351469994
      ],
      "flux": [
        0.007420336361974478,
        0.018043475225567818,
        0.2269168645143509,
        0.7359410524368286,
        0.011678134091198444
      ]
    }
  },
  "attention": {
    "auc": 0.89052496,
    "ba": 74.22,
    "precision": 0.923130677847659,
    "recall": 0.5284,
    "f1": 0.6720936148562706,
    "alphas": {
      "sd15": [
        0.210182324051857,
        0.1762402206659317,
        0.08264852315187454,
        0.3728393018245697,
        0.15808966755867004
      ],
      "sd21": [
        0.08819126337766647,
        0.03067784383893013,
        0.05805804207921028,
        0.765751838684082,
        0.05732123926281929
      ],
      "sdxlbase": [
        0.06728417426347733,
        0.01878308691084385,
        0.05067996680736542,
        0.8213794231414795,
        0.04187333583831787
      ],
      "sd35": [
        0.0605817511677742,
        0.01640237867832184,
        0.04700908809900284,
        0.8385059237480164,
        0.03750094026327133
      ],
      "flux": [
        0.15492184460163116,
        0.0934460386633873,
        0.07594481110572815,
        0.5657231211662292,
        0.10996425151824951
      ]
    }
  }
}